{
  "best_threshold": {
    "th_up": 0.527,
    "th_dn": 0.527
  },
  "bank0": 250.0,
  "stake_dynamic": false,
  "stake_pct": 0.02,
  "stake_fix": 5.0,
  "profit_f": 0.885,
  "fee_m": 0.0,
  "summary": {
    "th_up": 0.527,
    "th_dn": 0.527,
    "bets": 16263,
    "wins": 8833,
    "hit_rate": 0.5431347229908381,
    "coverage": 0.5095084432469689,
    "pnl_net": 1936.0250000002425,
    "bank_final": 2186.0250000002425,
    "ret_pct": 7.74410000000097,
    "dd_max": -266.4250000000073,
    "cv_bets": 0.3243835601450751,
    "cv_net": 2.185758503512471,
    "score": 7.181441196115599
  },
  "monte_carlo": {
    "n_sims": 10000,
    "p_profit_total": 0.9989,
    "bank_final_ppf": {
      "p05": 1154.2724999999987,
      "p50": 2169.1124999999984,
      "p95": 3251.8574999999983
    }
  }
}